0.1,17,15,21.55557842,17.95112452
0.3,19,24,20.69938275,17.25758148
0.5,15,25,19.88494425,16.59786297
0.7,18,18,19.11022637,15.97032058
0.9,17,27,18.37329194,15.37340971
1.1,18,14,17.67229822,14.8060113
1.3,16,15,17.00549237,14.27093058
1.5,13,17,16.37120702,13.8021341
1.7,22,10,15.76785613,13.61398346
1.9,9,19,15.19393102,14.64823537
2.1,14,22,14.64799656,19.74742986
2.3,41,35,14.12868764,34.31996045
2.5,56,63,13.63470571,62.92318407
2.7,98,108,13.16481557,100.5815824
2.9,152,118,12.71784224,128.7626617
3.1,126,99,12.29266806,128.4182584
3.3,97,93,11.88822986,99.54751139
3.5,59,56,11.50351635,61.19685955
3.7,27,25,11.13756554,31.89706576
3.9,22,19,10.78946236,16.62190647
4.1,10,13,10.45833638,10.81226787
4.3,9,5,10.1433596,9.057979926
4.5,16,10,9.843744412,8.514702147
4.7,7,6,9.558741634,8.238848879
4.9,11,9,9.287638606,8.014196492
5.1,10,9,9.029757428,7.804878733
5.3,10,10,8.784453264,7.606148162
5.5,5,12,8.551112724,7.417134326
5.7,4,6,8.329152338,7.237339998
5.9,9,11,8.118017087,7.066314387
6.1,7,7,7.917179024,6.903629795
6.3,5,8,7.726135948,6.748879423
6.5,13,7,7.544410154,6.601676317
6.7,5,7,7.371547231,6.461652391
6.9,5,9,7.207114932,6.328457512
7.1,6,4,7.050702091,6.201758624
7.3,13,11,6.901917594,6.081238914
7.5,5,8,6.760389403,5.966597019
7.7,9,14,6.625763623,5.857546276
7.9,6,8,6.49770362,5.753814
