-3,-3,0,-0.0001796342875
-2.739130435,-3,0,-0.0004579000075
-2.47826087,-3,0,-0.001072033361
-2.217391304,-3,0,-0.002305165896
-1.956521739,-3,0,-0.004552524647
-1.695652174,-3,0,-0.008257691627
-1.434782609,-3,0,-0.01375692123
-1.173913043,-3,0,-0.02104941719
-0.9130434783,-3,0,-0.02958115559
-0.652173913,-3,0,-0.03818092368
-0.3913043478,-3,0,-0.04526202297
-0.1304347826,-3,0,-0.04928079732
0.1304347826,-3,0,-0.04928079732
0.3913043478,-3,0,-0.04526202297
0.652173913,-3,0,-0.03818092368
0.9130434783,-3,0,-0.02958115559
1.173913043,-3,0,-0.02104941719
1.434782609,-3,0,-0.01375692123
1.695652174,-3,0,-0.008257691627
1.956521739,-3,0,-0.004552524647
2.217391304,-3,0,-0.002305165896
2.47826087,-3,0,-0.001072033361
2.739130435,-3,0,-0.0004579000075
3,-3,0,-0.0001796342875
-3,-2.739130435,0,-0.000504958841
-2.739130435,-2.739130435,0,-0.001287174405
-2.47826087,-2.739130435,0,-0.003013526712
-2.217391304,-2.739130435,0,-0.00647990935
-1.956521739,-2.739130435,0,-0.01279732061
-1.695652174,-2.739130435,0,-0.02321268647
-1.434782609,-2.739130435,0,-0.03867123087
-1.173913043,-2.739130435,1,0.9408292846
-0.9130434783,-2.739130435,0,-0.08315375785
-0.652173913,-2.739130435,0,-0.1073280343
-0.3913043478,-2.739130435,0,-0.1272332748
-0.1304347826,-2.739130435,0,-0.1385302029
0.1304347826,-2.739130435,0,-0.1385302029
0.3913043478,-2.739130435,1,0.8727667252
0.652173913,-2.739130435,1,0.8926719657
0.9130434783,-2.739130435,0,-0.08315375785
1.173913043,-2.739130435,0,-0.05917071544
1.434782609,-2.739130435,0,-0.03867123087
1.695652174,-2.739130435,0,-0.02321268647
1.956521739,-2.739130435,0,-0.01279732061
2.217391304,-2.739130435,0,-0.00647990935
2.47826087,-2.739130435,0,-0.003013526712
2.739130435,-2.739130435,0,-0.001287174405
3,-2.739130435,0,-0.000504958841
-3,-2.47826087,0,-0.001303703886
-2.739130435,-2.47826087,0,-0.003323229812
-2.47826087,-2.47826087,0,-0.007780330131
-2.217391304,-2.47826087,0,-0.01672984473
-1.956521739,-2.47826087,0,-0.03304015151
-1.695652174,-2.47826087,0,-0.05993056681
-1.434782609,-2.47826087,0,-0.09984147197
-1.173913043,-2.47826087,0,-0.152767088
-0.9130434783,-2.47826087,2,1.785313439
-0.652173913,-2.47826087,4,3.722900236
-0.3913043478,-2.47826087,0,-0.3284911588
-0.1304347826,-2.47826087,1,0.6423424064
0.1304347826,-2.47826087,2,1.642342406
0.3913043478,-2.47826087,0,-0.3284911588
0.652173913,-2.47826087,1,0.7229002364
0.9130434783,-2.47826087,0,-0.2146865615
1.173913043,-2.47826087,1,0.847232912
1.434782609,-2.47826087,0,-0.09984147197
1.695652174,-2.47826087,0,-0.05993056681
1.956521739,-2.47826087,0,-0.03304015151
2.217391304,-2.47826087,0,-0.01672984473
2.47826087,-2.47826087,0,-0.007780330131
2.739130435,-2.47826087,0,-0.003323229812
3,-2.47826087,0,-0.001303703886
-3,-2.217391304,0,-0.003091421158
-2.739130435,-2.217391304,0,-0.007880242638
-2.47826087,-2.217391304,0,-0.0184491873
-2.217391304,-2.217391304,0,-0.0396708152
-1.956521739,-2.217391304,0,-0.07834679678
-1.695652174,-2.217391304,0,-0.1421109687
-1.434782609,-2.217391304,3,2.76324989
-1.173913043,-2.217391304,3,2.637749482
-0.9130434783,-2.217391304,1,0.490922298
-0.652173913,-2.217391304,0,-0.6570756449
-0.3913043478,-2.217391304,0,-0.7789380159
-0.1304347826,-2.217391304,1,0.1519007777
0.1304347826,-2.217391304,2,1.151900778
0.3913043478,-2.217391304,4,3.221061984
0.652173913,-2.217391304,3,2.342924355
0.9130434783,-2.217391304,1,0.490922298
1.173913043,-2.217391304,1,0.6377494822
1.434782609,-2.217391304,0,-0.2367501103
1.695652174,-2.217391304,0,-0.1421109687
1.956521739,-2.217391304,0,-0.07834679678
2.217391304,-2.217391304,0,-0.0396708152
2.47826087,-2.217391304,0,-0.0184491873
2.739130435,-2.217391304,0,-0.007880242638
3,-2.217391304,0,-0.003091421158
-3,-1.956521739,0,-0.006732767613
-2.739130435,-1.956521739,1,0.9828377178
-2.47826087,-1.956521739,0,-0.0401802551
-2.217391304,-1.956521739,1,0.913601426
-1.956521739,-1.956521739,2,1.829369488
-1.695652174,-1.956521739,0,-0.3095017078
-1.434782609,-1.956521739,0,-0.5156151147
-1.173913043,-1.956521739,4,3.211059112
-0.9130434783,-1.956521739,4,2.891286017
-0.652173913,-1.956521739,7,5.568963142
-0.3913043478,-1.956521739,3,1.303560603
-0.1304347826,-1.956521739,2,0.1529352731
0.1304347826,-1.956521739,5,3.152935273
0.3913043478,-1.956521739,9,7.303560603
0.652173913,-1.956521739,4,2.568963142
0.9130434783,-1.956521739,2,0.8912860173
1.173913043,-1.956521739,2,1.211059112
1.434782609,-1.956521739,0,-0.5156151147
1.695652174,-1.956521739,0,-0.3095017078
1.956521739,-1.956521739,0,-0.1706305123
2.217391304,-1.956521739,0,-0.08639857403
2.47826087,-1.956521739,0,-0.0401802551
2.739130435,-1.956521739,0,-0.01716228223
3,-1.956521739,0,-0.006732767613
-3,-1.695652174,0,-0.01346744806
-2.739130435,-1.695652174,0,-0.03432944043
-2.47826087,-1.695652174,1,0.9196280742
-2.217391304,-1.695652174,0,-0.1728216947
-1.956521739,-1.695652174,1,0.6586904977
-1.695652174,-1.695652174,2,1.380908652
-1.434782609,-1.695652174,2,0.9686232798
-1.173913043,-1.695652174,2,0.4218940783
-0.9130434783,-1.695652174,4,1.782257039
-0.652173913,-1.695652174,9,6.137519713
-0.3913043478,-1.695652174,10,6.606639232
-0.1304347826,-1.695652174,10,6.305345778
0.1304347826,-1.695652174,5,1.305345778
0.3913043478,-1.695652174,5,1.606639232
0.652173913,-1.695652174,10,7.137519713
0.9130434783,-1.695652174,1,-1.217742961
1.173913043,-1.695652174,5,3.421894078
1.434782609,-1.695652174,0,-1.03137672
1.695652174,-1.695652174,0,-0.6190913478
1.956521739,-1.695652174,1,0.6586904977
2.217391304,-1.695652174,0,-0.1728216947
2.47826087,-1.695652174,0,-0.08037192577
2.739130435,-1.695652174,0,-0.03432944043
3,-1.695652174,1,0.9865325519
-3,-1.434782609,0,-0.02474191036
-2.739130435,-1.434782609,0,-0.06306881109
-2.47826087,-1.434782609,0,-0.1476564063
-2.217391304,-1.434782609,0,-0.3175017908
-1.956521739,-1.434782609,0,-0.6270415205
-1.695652174,-1.434782609,0,-1.137372319
-1.434782609,-1.434782609,5,3.105191849
-1.173913043,-1.434782609,4,1.100760658
-0.9130434783,-1.434782609,11,6.925642535
-0.652173913,-1.434782609,13,7.741154349
-0.3913043478,-1.434782609,13,6.765839857
-0.1304347826,-1.434782609,14,7.212314379
0.1304347826,-1.434782609,10,3.212314379
0.3913043478,-1.434782609,18,11.76583986
0.652173913,-1.434782609,4,-1.258845651
0.9130434783,-1.434782609,6,1.925642535
1.173913043,-1.434782609,9,6.100760658
1.434782609,-1.434782609,3,1.105191849
1.695652174,-1.434782609,0,-1.137372319
1.956521739,-1.434782609,2,1.37295848
2.217391304,-1.434782609,0,-0.3175017908
2.47826087,-1.434782609,0,-0.1476564063
2.739130435,-1.434782609,1,0.9369311889
3,-1.434782609,0,-0.02474191036
-3,-1.173913043,0,-0.0417481643
-2.739130435,-1.173913043,0,-0.1064189082
-2.47826087,-1.173913043,0,-0.2491474514
-2.217391304,-1.173913043,2,1.464264613
-1.956521739,-1.173913043,0,-1.058036022
-1.695652174,-1.173913043,4,2.08085933
-1.434782609,-1.173913043,0,-3.197197016
-1.173913043,-1.173913043,9,4.107979999
-0.9130434783,-1.173913043,19,12.1251491
-0.652173913,-1.173913043,11,2.126507654
-0.3913043478,-1.173913043,16,5.480814614
-0.1304347826,-1.173913043,24,12.5468256
0.1304347826,-1.173913043,16,4.546825596
0.3913043478,-1.173913043,19,8.480814614
0.652173913,-1.173913043,17,8.126507654
0.9130434783,-1.173913043,10,3.125149096
1.173913043,-1.173913043,13,8.107979999
1.434782609,-1.173913043,7,3.802802984
1.695652174,-1.173913043,4,2.08085933
1.956521739,-1.173913043,1,-0.05803602201
2.217391304,-1.173913043,0,-0.5357353872
2.47826087,-1.173913043,0,-0.2491474514
2.739130435,-1.173913043,1,0.8935810918
3,-1.173913043,0,-0.0417481643
-3,-0.9130434783,0,-0.06469903062
-2.739130435,-0.9130434783,1,0.8350777737
-2.47826087,-0.9130434783,1,0.6138848532
-2.217391304,-0.9130434783,0,-0.8302535166
-1.956521739,-0.9130434783,2,0.3603134142
-1.695652174,-0.9130434783,3,0.02582034318
-1.434782609,-0.9130434783,2,-2.954841755
-1.173913043,-0.9130434783,14,6.418613916
-0.9130434783,-0.9130434783,23,12.34573061
-0.652173913,-0.9130434783,26,12.24834498
-0.3913043478,-0.9130434783,21,4.697939567
-0.1304347826,-0.9130434783,42,24.25049427
0.1304347826,-0.9130434783,36,18.25049427
0.3913043478,-0.9130434783,30,13.69793957
0.652173913,-0.9130434783,20,6.248344984
0.9130434783,-0.9130434783,13,2.345730606
1.173913043,-0.9130434783,7,-0.5813860842
1.434782609,-0.9130434783,3,-1.954841755
1.695652174,-0.9130434783,4,1.025820343
1.956521739,-0.9130434783,3,1.360313414
2.217391304,-0.9130434783,1,0.1697464834
2.47826087,-0.9130434783,0,-0.3861151468
2.739130435,-0.9130434783,0,-0.1649222263
3,-0.9130434783,0,-0.06469903062
-3,-0.652173913,0,-0.09209040829
-2.739130435,-0.652173913,0,-0.2347447096
-2.47826087,-0.652173913,1,0.450416781
-2.217391304,-0.652173913,0,-1.181754728
-1.956521739,-0.652173913,1,-1.333874337
-1.695652174,-0.652173913,8,3.766653436
-1.434782609,-0.652173913,9,1.947446108
-1.173913043,-0.652173913,12,1.208911892
-0.9130434783,-0.652173913,35,19.83507389
-0.652173913,-0.652173913,37,17.42636013
-0.3913043478,-0.652173913,35,11.79619946
-0.1304347826,-0.652173913,28,2.735954866
0.1304347826,-0.652173913,36,10.73595487
0.3913043478,-0.652173913,32,8.796199464
0.652173913,-0.652173913,33,13.42636013
0.9130434783,-0.652173913,15,-0.1649261081
1.173913043,-0.652173913,18,7.208911892
1.434782609,-0.652173913,5,-2.052553892
1.695652174,-0.652173913,9,4.766653436
1.956521739,-0.652173913,2,-0.3338743366
2.217391304,-0.652173913,1,-0.1817547279
2.47826087,-0.652173913,0,-0.549583219
2.739130435,-0.652173913,0,-0.2347447096
3,-0.652173913,0,-0.09209040829
-3,-0.3913043478,0,-0.1203891251
-2.739130435,-0.3913043478,0,-0.306880062
-2.47826087,-0.3913043478,2,1.281533831
-2.217391304,-0.3913043478,2,0.4551005867
-1.956521739,-0.3913043478,2,-1.051057049
-1.695652174,-0.3913043478,8,2.465776639
-1.434782609,-0.3913043478,5,-4.219752723
-1.173913043,-0.3913043478,17,2.892888522
-0.9130434783,-0.3913043478,20,0.1750017213
-0.652173913,-0.3913043478,42,16.41152209
-0.3913043478,-0.3913043478,38,7.665839292
-0.1304347826,-0.3913043478,41,7.972496421
0.1304347826,-0.3913043478,30,-3.027503579
0.3913043478,-0.3913043478,45,14.66583929
0.652173913,-0.3913043478,39,13.41152209
0.9130434783,-0.3913043478,22,2.175001721
1.173913043,-0.3913043478,12,-2.107111478
1.434782609,-0.3913043478,11,1.780247277
1.695652174,-0.3913043478,4,-1.534223361
1.956521739,-0.3913043478,5,1.948942951
2.217391304,-0.3913043478,2,0.4551005867
2.47826087,-0.3913043478,2,1.281533831
2.739130435,-0.3913043478,1,0.693119938
3,-0.3913043478,0,-0.1203891251
-3,-0.1304347826,0,-0.1445494198
-2.739130435,-0.1304347826,0,-0.3684662954
-2.47826087,-0.1304347826,0,-0.8626515718
-2.217391304,-0.1304347826,0,-1.854937593
-1.956521739,-0.1304347826,1,-2.663358515
-1.695652174,-0.1304347826,6,-0.6448591241
-1.434782609,-0.1304347826,12,0.9299809555
-1.173913043,-0.1304347826,13,-3.938197523
-0.9130434783,-0.1304347826,23,-0.8035785882
-0.652173913,-0.1304347826,41,10.27629772
-0.3913043478,-0.1304347826,35,-1.42177256
-0.1304347826,-0.1304347826,52,12.34437098
0.1304347826,-0.1304347826,49,9.344370983
0.3913043478,-0.1304347826,45,8.57822744
0.652173913,-0.1304347826,31,0.2762977203
0.9130434783,-0.1304347826,30,6.196421412
1.173913043,-0.1304347826,25,8.061802477
1.434782609,-0.1304347826,10,-1.070019044
1.695652174,-0.1304347826,6,-0.6448591241
1.956521739,-0.1304347826,3,-0.6633585149
2.217391304,-0.1304347826,0,-1.854937593
2.47826087,-0.1304347826,2,1.137348428
2.739130435,-0.1304347826,0,-0.3684662954
3,-0.1304347826,0,-0.1445494198
-3,0.1304347826,0,-0.1594049057
-2.739130435,0.1304347826,2,1.593666061
-2.47826087,0.1304347826,2,1.048692879
-2.217391304,0.1304347826,2,-0.04557135169
-1.956521739,0.1304347826,3,-1.039845467
-1.695652174,0.1304347826,8,0.6722421773
-1.434782609,0.1304347826,12,-0.2076957743
-1.173913043,0.1304347826,19,0.3210472817
-0.9130434783,0.1304347826,32,5.750104261
-0.652173913,0.1304347826,38,4.118792661
-0.3913043478,0.1304347826,48,7.835126101
-0.1304347826,0.1304347826,38,-5.73107696
0.1304347826,0.1304347826,50,6.26892304
0.3913043478,0.1304347826,48,7.835126101
0.652173913,0.1304347826,29,-4.881207339
0.9130434783,0.1304347826,23,-3.249895739
1.173913043,0.1304347826,16,-2.678952718
1.434782609,0.1304347826,17,4.792304226
1.695652174,0.1304347826,10,2.672242177
1.956521739,0.1304347826,3,-1.039845467
2.217391304,0.1304347826,3,0.9544286483
2.47826087,0.1304347826,0,-0.9513071212
2.739130435,0.1304347826,0,-0.4063339385
3,0.1304347826,0,-0.1594049057
-3,0.3913043478,2,1.838548068
-2.739130435,0.3913043478,0,-0.4115519488
-2.47826087,0.3913043478,2,1.036476498
-2.217391304,0.3913043478,0,-2.071839924
-1.956521739,0.3913043478,6,1.908276131
-1.695652174,0.3913043478,4,-3.421858541
-1.434782609,0.3913043478,8,-4.364463092
-1.173913043,0.3913043478,15,-3.918821844
-0.9130434783,0.3913043478,18,-8.586988489
-0.652173913,0.3913043478,19,-15.31629895
-0.3913043478,0.3913043478,33,-7.68065834
-0.1304347826,0.3913043478,33,-11.29265744
0.1304347826,0.3913043478,39,-5.292657438
0.3913043478,0.3913043478,40,-0.6806583395
0.652173913,0.3913043478,24,-10.31629895
0.9130434783,0.3913043478,30,3.413011511
1.173913043,0.3913043478,13,-5.918821844
1.434782609,0.3913043478,10,-2.364463092
1.695652174,0.3913043478,9,1.578141459
1.956521739,0.3913043478,5,0.9082761315
2.217391304,0.3913043478,6,3.928160076
2.47826087,0.3913043478,2,1.036476498
2.739130435,0.3913043478,0,-0.4115519488
3,0.3913043478,0,-0.1614519324
-3,0.652173913,0,-0.1501900103
-2.739130435,0.652173913,0,-0.382844544
-2.47826087,0.652173913,2,1.10368614
-2.217391304,0.652173913,1,-0.9273207504
-1.956521739,0.652173913,1,-2.806309661
-1.695652174,0.652173913,7,0.09584596289
-1.434782609,0.652173913,11,-0.5019920286
-1.173913043,0.652173913,17,-0.5991578787
-0.9130434783,0.652173913,23,-1.732439039
-0.652173913,0.652173913,28,-3.922598985
-0.3913043478,0.652173913,35,-2.843018695
-0.1304347826,0.652173913,44,2.796933681
0.1304347826,0.652173913,35,-6.203066319
0.3913043478,0.652173913,42,4.156981305
0.652173913,0.652173913,32,0.0774010153
0.9130434783,0.652173913,21,-3.732439039
1.173913043,0.652173913,19,1.400842121
1.434782609,0.652173913,10,-1.501992029
1.695652174,0.652173913,7,0.09584596289
1.956521739,0.652173913,3,-0.8063096609
2.217391304,0.652173913,0,-1.92732075
2.47826087,0.652173913,1,0.1036861397
2.739130435,0.652173913,1,0.617155456
3,0.652173913,1,0.8498099897
-3,0.9130434783,0,-0.128320216
-2.739130435,0.9130434783,0,-0.3270969518
-2.47826087,0.9130434783,0,-0.7657978575
-2.217391304,0.9130434783,1,-0.6466755306
-1.956521739,0.9130434783,1,-2.252057022
-1.695652174,0.9130434783,8,2.101188653
-1.434782609,0.9130434783,7,-2.827138956
-1.173913043,0.9130434783,9,-6.036471035
-0.9130434783,0.9130434783,12,-9.131045348
-0.652173913,0.9130434783,14,-13.27421609
-0.3913043478,0.9130434783,24,-8.332538772
-0.1304347826,0.9130434783,29,-6.203315836
0.1304347826,0.9130434783,23,-12.20331584
0.3913043478,0.9130434783,29,-3.332538772
0.652173913,0.9130434783,17,-10.27421609
0.9130434783,0.9130434783,16,-5.131045348
1.173913043,0.9130434783,17,1.963528965
1.434782609,0.9130434783,6,-3.827138956
1.695652174,0.9130434783,3,-2.898811347
1.956521739,0.9130434783,0,-3.252057022
2.217391304,0.9130434783,1,-0.6466755306
2.47826087,0.9130434783,1,0.2342021425
2.739130435,0.9130434783,0,-0.3270969518
3,0.9130434783,0,-0.128320216
-3,1.173913043,0,-0.1006944077
-2.739130435,1.173913043,0,-0.2566768889
-2.47826087,1.173913043,0,-0.6009307348
-2.217391304,1.173913043,0,-1.292165977
-1.956521739,1.173913043,0,-2.551928028
-1.695652174,1.173913043,3,-1.628867792
-1.434782609,1.173913043,7,-0.7114734338
-1.173913043,1.173913043,7,-4.7992986
-0.9130434783,1.173913043,10,-6.581783931
-0.652173913,1.173913043,6,-15.40240346
-0.3913043478,1.173913043,25,-0.3717297485
-0.1304347826,1.173913043,24,-3.624462834
0.1304347826,1.173913043,24,-3.624462834
0.3913043478,1.173913043,15,-10.37172975
0.652173913,1.173913043,16,-5.402403462
0.9130434783,1.173913043,16,-0.5817839314
1.173913043,1.173913043,12,0.2007014002
1.434782609,1.173913043,11,3.288526566
1.695652174,1.173913043,2,-2.628867792
1.956521739,1.173913043,3,0.4480719724
2.217391304,1.173913043,0,-1.292165977
2.47826087,1.173913043,0,-0.6009307348
2.739130435,1.173913043,0,-0.2566768889
3,1.173913043,1,0.8993055923
-3,1.434782609,0,-0.07257246197
-2.739130435,1.434782609,0,-0.1849921379
-2.47826087,1.434782609,0,-0.4331027302
-2.217391304,1.434782609,0,-0.9312897145
-1.956521739,1.434782609,2,0.1607747249
-1.695652174,1.434782609,3,-0.3361170634
-1.434782609,1.434782609,3,-2.557812248
-1.173913043,1.434782609,12,3.496010867
-0.9130434783,1.434782609,7,-4.950821412
-0.652173913,1.434782609,8,-7.425137766
-0.3913043478,1.434782609,14,-4.285910152
-0.1304347826,1.434782609,8,-11.90949968
0.1304347826,1.434782609,10,-9.909499683
0.3913043478,1.434782609,16,-2.285910152
0.652173913,1.434782609,6,-9.425137766
0.9130434783,1.434782609,6,-5.950821412
1.173913043,1.434782609,5,-3.503989133
1.434782609,1.434782609,2,-3.557812248
1.695652174,1.434782609,3,-0.3361170634
1.956521739,1.434782609,0,-1.839225275
2.217391304,1.434782609,0,-0.9312897145
2.47826087,1.434782609,0,-0.4331027302
2.739130435,1.434782609,0,-0.1849921379
3,1.434782609,0,-0.07257246197
-3,1.695652174,0,-0.04803907055
-2.739130435,1.695652174,0,-0.1224548558
-2.47826087,1.695652174,0,-0.2866907371
-2.217391304,1.695652174,1,0.3835362466
-1.956521739,1.695652174,1,-0.2174683118
-1.695652174,1.695652174,1,-1.208330249
-1.434782609,1.695652174,6,2.321026909
-1.173913043,1.695652174,3,-2.629183892
-0.9130434783,1.695652174,5,-2.910801665
-0.652173913,1.695652174,7,-3.210612419
-0.3913043478,1.695652174,5,-7.104290031
-0.1304347826,1.695652174,3,-10.17901907
0.1304347826,1.695652174,7,-6.179019066
0.3913043478,1.695652174,8,-4.104290031
0.652173913,1.695652174,6,-4.210612419
0.9130434783,1.695652174,5,-2.910801665
1.173913043,1.695652174,2,-3.629183892
1.434782609,1.695652174,1,-2.678973091
1.695652174,1.695652174,1,-1.208330249
1.956521739,1.695652174,2,0.7825316882
2.217391304,1.695652174,0,-0.6164637534
2.47826087,1.695652174,1,0.7133092629
2.739130435,1.695652174,0,-0.1224548558
3,1.695652174,0,-0.04803907055
-3,1.956521739,0,-0.02920610021
-2.739130435,1.956521739,0,-0.07444833441
-2.47826087,1.956521739,0,-0.1742980932
-2.217391304,1.956521739,0,-0.3747887282
-1.956521739,1.956521739,2,1.259821202
-1.695652174,1.956521739,1,-0.342588726
-1.434782609,1.956521739,4,1.763311082
-1.173913043,1.956521739,2,-1.422349911
-0.9130434783,1.956521739,5,0.1905050727
-0.652173913,1.956521739,5,-1.20770065
-0.3913043478,1.956521739,3,-4.358991411
-0.1304347826,1.956521739,4,-4.012389645
0.1304347826,1.956521739,3,-5.012389645
0.3913043478,1.956521739,6,-1.358991411
0.652173913,1.956521739,2,-4.20770065
0.9130434783,1.956521739,2,-2.809494927
1.173913043,1.956521739,5,1.577650089
1.434782609,1.956521739,2,-0.2366889181
1.695652174,1.956521739,2,0.657411274
1.956521739,1.956521739,0,-0.7401787983
2.217391304,1.956521739,0,-0.3747887282
2.47826087,1.956521739,1,0.8257019068
2.739130435,1.956521739,0,-0.07444833441
3,1.956521739,0,-0.02920610021
-3,2.217391304,0,-0.01630830333
-2.739130435,2.217391304,0,-0.04157097358
-2.47826087,2.217391304,0,-0.09732576941
-2.217391304,2.217391304,0,-0.2092771107
-1.956521739,2.217391304,0,-0.4133061339
-1.695652174,2.217391304,1,0.2503160628
-1.434782609,2.217391304,0,-1.248937759
-1.173913043,2.217391304,3,1.089004692
-0.9130434783,2.217391304,1,-1.685558893
-0.652173913,2.217391304,2,-1.466298632
-0.3913043478,2.217391304,3,-1.109164294
-0.1304347826,2.217391304,1,-3.4740133
0.1304347826,2.217391304,4,-0.4740132996
0.3913043478,2.217391304,3,-1.109164294
0.652173913,2.217391304,3,-0.466298632
0.9130434783,2.217391304,2,-0.6855588934
1.173913043,2.217391304,1,-0.910995308
1.434782609,2.217391304,0,-1.248937759
1.695652174,2.217391304,1,0.2503160628
1.956521739,2.217391304,0,-0.4133061339
2.217391304,2.217391304,0,-0.2092771107
2.47826087,2.217391304,0,-0.09732576941
2.739130435,2.217391304,0,-0.04157097358
3,2.217391304,0,-0.01630830333
-3,2.47826087,0,-0.008363734257
-2.739130435,2.47826087,0,-0.02131972706
-2.47826087,2.47826087,0,-0.04991364553
-2.217391304,2.47826087,0,-0.1073280343
-1.956521739,2.47826087,0,-0.2119645803
-1.695652174,2.47826087,0,-0.3844763677
-1.434782609,2.47826087,0,-0.6405193297
-1.173913043,2.47826087,1,0.01994360807
-0.9130434783,2.47826087,1,-0.377292319
-0.652173913,2.47826087,0,-1.777695694
-0.3913043478,2.47826087,0,-2.107390173
-0.1304347826,2.47826087,2,-0.2945034525
0.1304347826,2.47826087,0,-2.294503452
0.3913043478,2.47826087,0,-2.107390173
0.652173913,2.47826087,1,-0.7776956942
0.9130434783,2.47826087,0,-1.377292319
1.173913043,2.47826087,0,-0.9800563919
1.434782609,2.47826087,1,0.3594806703
1.695652174,2.47826087,0,-0.3844763677
1.956521739,2.47826087,0,-0.2119645803
2.217391304,2.47826087,0,-0.1073280343
2.47826087,2.47826087,0,-0.04991364553
2.739130435,2.47826087,0,-0.02131972706
3,2.47826087,0,-0.008363734257
-3,2.739130435,0,-0.003939561687
-2.739130435,2.739130435,0,-0.01004221049
-2.47826087,2.739130435,0,-0.02351077635
-2.217391304,2.739130435,0,-0.05055462057
-1.956521739,2.739130435,0,-0.09984147197
-1.695652174,2.739130435,0,-0.1810995329
-1.434782609,2.739130435,0,-0.3017032026
-1.173913043,2.739130435,0,-0.4616350178
-0.9130434783,2.739130435,0,-0.6487446737
-0.652173913,2.739130435,0,-0.8373462896
-0.3913043478,2.739130435,0,-0.9926419621
-0.1304347826,2.739130435,0,-1.08077775
0.1304347826,2.739130435,0,-1.08077775
0.3913043478,2.739130435,1,0.007358037911
0.652173913,2.739130435,0,-0.8373462896
0.9130434783,2.739130435,0,-0.6487446737
1.173913043,2.739130435,0,-0.4616350178
1.434782609,2.739130435,0,-0.3017032026
1.695652174,2.739130435,0,-0.1810995329
1.956521739,2.739130435,0,-0.09984147197
2.217391304,2.739130435,0,-0.05055462057
2.47826087,2.739130435,0,-0.02351077635
2.739130435,2.739130435,0,-0.01004221049
3,2.739130435,0,-0.003939561687
-3,3,0,-0.001704322666
-2.739130435,3,0,-0.004344434311
-2.47826087,3,0,-0.01017116934
-2.217391304,3,0,-0.02187080508
-1.956521739,3,0,-0.04319315123
-1.695652174,3,0,-0.07834679678
-1.434782609,3,0,-0.1305220346
-1.173913043,3,0,-0.1997113098
-0.9130434783,3,0,-0.2806581899
-0.652173913,3,0,-0.3622505178
-0.3913043478,3,0,-0.4294341174
-0.1304347826,3,1,0.5324368132
0.1304347826,3,0,-0.4675631868
0.3913043478,3,0,-0.4294341174
0.652173913,3,0,-0.3622505178
0.9130434783,3,0,-0.2806581899
1.173913043,3,0,-0.1997113098
1.434782609,3,0,-0.1305220346
1.695652174,3,0,-0.07834679678
1.956521739,3,0,-0.04319315123
2.217391304,3,0,-0.02187080508
2.47826087,3,0,-0.01017116934
2.739130435,3,0,-0.004344434311
3,3,0,-0.001704322666
