viridis,0,0.2670040131,0.00487399986,0.3294149935
viridis,1,0.2699440122,0.01462499984,0.3413789868
viridis,2,0.2725940049,0.02556299977,0.3530929983
viridis,3,0.2749519944,0.03775199875,0.3645429909
viridis,4,0.2770180106,0.0503440015,0.3757149875
viridis,5,0.2787910104,0.06214499846,0.3865920007
viridis,6,0.2802670002,0.07341700047,0.3971630037
viridis,7,0.2814460099,0.0843200013,0.4074139893
viridis,8,0.2823269963,0.0949549973,0.4173310101
viridis,9,0.2829099894,0.1053929999,0.4269019961
viridis,10,0.2831969857,0.1156800017,0.4361149967
viridis,11,0.2831870019,0.1258479953,0.4449599981
viridis,12,0.2828840017,0.1359200031,0.4534269869
viridis,13,0.2822900116,0.1459120065,0.4615100026
viridis,14,0.2814120054,0.1558340043,0.4692009985
viridis,15,0.2802549899,0.165693,0.4764980078
viridis,16,0.2788259983,0.1754900068,0.483397007
viridis,17,0.2771340013,0.1852280051,0.4898979962
viridis,18,0.275191009,0.1949049979,0.4960049987
viridis,19,0.2730059922,0.204520002,0.5017210245
viridis,20,0.2705950141,0.2140689939,0.5070520043
viridis,21,0.267967999,0.2235489935,0.5120080113
viridis,22,0.2651450038,0.2329560071,0.5165989995
viridis,23,0.2621380091,0.2422859967,0.520837009
viridis,24,0.2589649856,0.2515369952,0.5247359872
viridis,25,0.2556450069,0.2607029974,0.5283120275
viridis,26,0.2521939874,0.2697829902,0.5315790176
viridis,27,0.2486290038,0.2787750065,0.5345559716
viridis,28,0.2449720055,0.2876749933,0.5372599959
viridis,29,0.2412369996,0.2964850068,0.539708972
viridis,30,0.2374410033,0.3052020073,0.5419210196
viridis,31,0.2336030006,0.3138279915,0.5439140201
viridis,32,0.2297389954,0.3223609924,0.5457059741
viridis,33,0.2258629948,0.3308050036,0.5473139882
viridis,34,0.2219890058,0.3391610086,0.5487520099
viridis,35,0.2181300074,0.3474319875,0.5500379801
viridis,36,0.214297995,0.3556190133,0.5511839986
viridis,37,0.210502997,0.3637270033,0.5522059798
viridis,38,0.2067559958,0.371758014,0.5531169772
viridis,39,0.2030629963,0.3797160089,0.5539249778
viridis,40,0.1994300038,0.3876070082,0.5546420217
viridis,41,0.1958599985,0.3954330087,0.5552759767
viridis,42,0.1923570037,0.4031989872,0.5558360219
viridis,43,0.1889230013,0.4109100103,0.5563259721
viridis,44,0.1855559945,0.4185700119,0.5567529798
viridis,45,0.1822559983,0.4261839986,0.5571200252
viridis,46,0.1790190041,0.4337559938,0.5574300289
viridis,47,0.1758410037,0.4412899911,0.5576850176
viridis,48,0.1727190018,0.4487909973,0.5578849912
viridis,49,0.1696459949,0.4562619925,0.5580300093
viridis,50,0.1666170061,0.4637080133,0.558118999
viridis,51,0.1636250019,0.4711329937,0.5581480265
viridis,52,0.1606650054,0.4785400033,0.5581150055
viridis,53,0.1577289999,0.4859319925,0.5580130219
viridis,54,0.1548150033,0.4933130145,0.5578399897
viridis,55,0.151917994,0.5006849766,0.5575870275
viridis,56,0.1490390003,0.5080509782,0.5572500229
viridis,57,0.1461800039,0.5154129863,0.5568230152
viridis,58,0.1433430016,0.5227730274,0.5562949777
viridis,59,0.1405359954,0.5301319957,0.5556589961
viridis,60,0.1377699971,0.5374919772,0.5549060106
viridis,61,0.1350660026,0.544852972,0.5540289879
viridis,62,0.1324439943,0.5522159934,0.5530179739
viridis,63,0.1299329996,0.559581995,0.551864028
viridis,64,0.1264529973,0.5706329942,0.5498409867
viridis,65,0.124394998,0.578001976,0.5482869744
viridis,66,0.1226060018,0.5853710175,0.5465570092
viridis,67,0.1211479977,0.592738986,0.5446410179
viridis,68,0.1200919971,0.6001039743,0.5425300002
viridis,69,0.1195119992,0.6074640155,0.5402179956
viridis,70,0.1194830015,0.6148170233,0.5376920104
viridis,71,0.120081,0.6221609712,0.5349460244
viridis,72,0.1213800013,0.6294919848,0.5319730043
viridis,73,0.1234439984,0.6368089914,0.5287629962
viridis,74,0.1263259947,0.6441069841,0.5253109932
viridis,75,0.1300670058,0.651383996,0.521607995
viridis,76,0.1346919984,0.6586359739,0.5176489949
viridis,77,0.1402100027,0.665858984,0.5134270191
viridis,78,0.146615997,0.6730499864,0.5089359879
viridis,79,0.1538940072,0.6802030206,0.5041720271
viridis,80,0.1620160043,0.6873160005,0.4991289973
viridis,81,0.1709479988,0.6943839788,0.4938029945
viridis,82,0.1806530058,0.7014020085,0.4881890118
viridis,83,0.1910900027,0.7083659768,0.4822840095
viridis,84,0.2022189945,0.7152720094,0.4760839939
viridis,85,0.2140000015,0.7221140265,0.4695880115
viridis,86,0.2263969928,0.7288879752,0.4627889991
viridis,87,0.2393739969,0.7355880141,0.4556879997
viridis,88,0.2528989911,0.7422109842,0.4482840002
viridis,89,0.266941011,0.7487509847,0.4405730069
viridis,90,0.2814770043,0.7552030087,0.4325520098
viridis,91,0.2964789867,0.7615609765,0.4242230058
viridis,92,0.311924994,0.7678220272,0.4155859947
viridis,93,0.3277960122,0.7739800215,0.4066399932
viridis,94,0.3440740108,0.7800289989,0.3973810077
viridis,95,0.3607409894,0.7859640121,0.3878139853
viridis,96,0.377779007,0.7917810082,0.3779389858
viridis,97,0.3951739967,0.7974749804,0.3677569926
viridis,98,0.4129129946,0.8030409813,0.3572689891
viridis,99,0.430983007,0.808472991,0.3464759886
viridis,100,0.449368,0.8137680292,0.3353840113
viridis,101,0.4680530131,0.8189210296,0.3239980042
viridis,102,0.487026006,0.8239290118,0.3123210073
viridis,103,0.5062710047,0.8287860155,0.3003619909
viridis,104,0.5257760286,0.8334910274,0.2881270051
viridis,105,0.5455240011,0.838038981,0.2756260037
viridis,106,0.5654979944,0.8424299955,0.2628769875
viridis,107,0.5856779814,0.8466609716,0.2498970032
viridis,108,0.6060450077,0.8507329822,0.2367119938
viridis,109,0.6265789866,0.8546450138,0.2233529985
viridis,110,0.6472569704,0.8583999872,0.2098609954
viridis,111,0.6680539846,0.8619989753,0.1962929964
viridis,112,0.6889439821,0.865447998,0.1827249974
viridis,113,0.709897995,0.8687509894,0.1692570001
viridis,114,0.7308890224,0.8719159961,0.1560290009
viridis,115,0.7518839836,0.874951005,0.1432279944
viridis,116,0.7728520036,0.8778679967,0.1311089993
viridis,117,0.7937600017,0.8806779981,0.1200049967
viridis,118,0.8145760298,0.8833929896,0.1103470027
viridis,119,0.8352699876,0.8860290051,0.1026460007
viridis,120,0.8558099866,0.8886010051,0.09745199978
viridis,121,0.8761680126,0.8911250234,0.09525000304
viridis,122,0.8963199854,0.8936160207,0.09633500129
viridis,123,0.9162420034,0.8960909843,0.1007170007
viridis,124,0.935904026,0.8985700011,0.1081309989
viridis,125,0.9552999735,0.901064992,0.1181280017
viridis,126,0.9744169712,0.9035900235,0.1302150041
viridis,127,0.9932479858,0.9061570168,0.1439359933
Blues,0,0.9686274529,0.9843137264,1
Blues,1,0.9624759555,0.98037678,0.998031497
Blues,2,0.9563245177,0.9764398336,0.9960630536
Blues,3,0.9501730204,0.9725028872,0.9940945506
Blues,4,0.944021523,0.9685659409,0.9921261072
Blues,5,0.9378700256,0.9646289945,0.9901576042
Blues,6,0.9317185879,0.9606920481,0.9881891608
Blues,7,0.9255670905,0.9567551017,0.9862206578
Blues,8,0.9194155931,0.9528181553,0.9842522144
Blues,9,0.9132641554,0.9488812089,0.9822837114
Blues,10,0.907112658,0.9449442625,0.980315268
Blues,11,0.9009611607,0.9410073161,0.978346765
Blues,12,0.8948096633,0.9370703697,0.9763783216
Blues,13,0.8886582255,0.9331334233,0.9744098186
Blues,14,0.8825067282,0.9291964769,0.9724413753
Blues,15,0.8763552308,0.9252595305,0.9704728723
Blues,16,0.870219171,0.9213225842,0.9685044289
Blues,17,0.8643137217,0.9173856378,0.9665359259
Blues,18,0.8584083319,0.9134486914,0.9645674825
Blues,19,0.8525028825,0.909511745,0.9625989795
Blues,20,0.8465974927,0.9055747986,0.9606305361
Blues,21,0.8406920433,0.9016378522,0.9586620331
Blues,22,0.8347865939,0.8977009058,0.9566935897
Blues,23,0.8288812041,0.8937639594,0.9547250867
Blues,24,0.8229757547,0.889827013,0.9527566433
Blues,25,0.817070365,0.8858900666,0.9507881403
Blues,26,0.8111649156,0.8819531202,0.9488196969
Blues,27,0.8052595258,0.8780161738,0.9468511939
Blues,28,0.7993540764,0.8740792274,0.9448827505
Blues,29,0.7934486866,0.8701422811,0.9429142475
Blues,30,0.7875432372,0.8662053347,0.9409458041
Blues,31,0.7816378474,0.8622683287,0.9389773011
Blues,32,0.7752403021,0.8583006263,0.9368243217
Blues,33,0.7653979063,0.8541176319,0.9333794713
Blues,34,0.7555555701,0.8499346375,0.9299346209
Blues,35,0.7457131743,0.8457516432,0.92648983
Blues,36,0.7358708382,0.8415686488,0.9230449796
Blues,37,0.7260284424,0.8373855948,0.9196001291
Blues,38,0.7161861062,0.8332026005,0.9161553383
Blues,39,0.7063437104,0.8290196061,0.9127104878
Blues,40,0.6965013742,0.8248366117,0.9092656374
Blues,41,0.6866589785,0.8206536174,0.9058208466
Blues,42,0.6768165827,0.8164705634,0.9023759961
Blues,43,0.6669742465,0.812287569,0.8989312053
Blues,44,0.6571318507,0.8081045747,0.8954863548
Blues,45,0.6472895145,0.8039215803,0.8920415044
Blues,46,0.6374471188,0.7997385859,0.8885967135
Blues,47,0.6276047826,0.795555532,0.8851518631
Blues,48,0.6172549129,0.7908650637,0.8818454146
Blues,49,0.6047058702,0.7839754224,0.8791387677
Blues,50,0.5921568871,0.7770857215,0.8764321208
Blues,51,0.5796078444,0.7701960802,0.8737254739
Blues,52,0.5670588017,0.7633064389,0.871018827
Blues,53,0.5545098186,0.756416738,0.86831218
Blues,54,0.5419607759,0.7495270967,0.8656055331
Blues,55,0.5294117928,0.7426374555,0.8628988862
Blues,56,0.5168627501,0.7357478142,0.8601922393
Blues,57,0.5043137074,0.7288581133,0.8574855924
Blues,58,0.4917646945,0.721968472,0.8547789454
Blues,59,0.4792156816,0.7150788307,0.8520722985
Blues,60,0.4666666687,0.7081891298,0.8493656516
Blues,61,0.4541176558,0.7012994885,0.8466590047
Blues,62,0.4415686131,0.6944098473,0.8439522982
Blues,63,0.4290196002,0.687520206,0.8412456512
Blues,64,0.4120415151,0.6771857142,0.836263001
Blues,65,0.4019531012,0.6702960134,0.8323260546
Blues,66,0.3918646574,0.6634063721,0.8283891082
Blues,67,0.3817762434,0.6565167308,0.8244521618
Blues,68,0.3716877997,0.6496270895,0.8205152154
Blues,69,0.3615993857,0.6427373886,0.8165782094
Blues,70,0.3515109718,0.6358477473,0.812641263
Blues,71,0.341422528,0.628958106,0.8087043166
Blues,72,0.3313341141,0.6220684648,0.8047673702
Blues,73,0.3212456703,0.6151787639,0.8008304238
Blues,74,0.3111572564,0.6082891226,0.7968934774
Blues,75,0.3010688126,0.6013994813,0.792956531
Blues,76,0.2909803987,0.5945097804,0.7890195847
Blues,77,0.2808919549,0.5876201391,0.7850826383
Blues,78,0.2708035409,0.5807304978,0.7811456919
Blues,79,0.2607150972,0.5738408566,0.7772087455
Blues,80,0.2522260547,0.5659515858,0.7730718851
Blues,81,0.2441061139,0.5578315854,0.7688888907
Blues,82,0.2359861583,0.5497116446,0.7647058964
Blues,83,0.2278662026,0.5415917039,0.760522902
Blues,84,0.2197462469,0.5334717631,0.756339848
Blues,85,0.2116262913,0.5253517628,0.7521568537
Blues,86,0.2035063505,0.517231822,0.7479738593
Blues,87,0.1953863949,0.5091118813,0.7437908649
Blues,88,0.1872664392,0.5009919405,0.7396078706
Blues,89,0.1791464835,0.4928719699,0.7354248166
Blues,90,0.1710265279,0.4847520292,0.7312418222
Blues,91,0.1629065722,0.4766320586,0.7270588279
Blues,92,0.1547866166,0.4685121179,0.7228758335
Blues,93,0.1466666609,0.4603921473,0.7186928391
Blues,94,0.1385467201,0.4522722065,0.7145097852
Blues,95,0.1304267645,0.444152236,0.7103267908
Blues,96,0.1240292192,0.4362475872,0.704421401
Blues,97,0.1178777367,0.4283736944,0.6982699037
Blues,98,0.1117262617,0.4204998016,0.6921184063
Blues,99,0.1055747792,0.4126259089,0.6859669089
Blues,100,0.09942329675,0.4047520161,0.6798154712
Blues,101,0.09327182174,0.3968781233,0.6736639738
Blues,102,0.08712033927,0.3890042305,0.6675124764
Blues,103,0.08096885681,0.3811303377,0.6613610387
Blues,104,0.07481737435,0.3732564449,0.6552095413
Blues,105,0.06866589934,0.3653825521,0.649058044
Blues,106,0.06251441687,0.3575086594,0.6429065466
Blues,107,0.05636293814,0.3496347666,0.6367551088
Blues,108,0.05021145567,0.3417608738,0.6306036115
Blues,109,0.04405997694,0.333886981,0.6244521141
Blues,110,0.0379084982,0.3260130584,0.6183006763
Blues,111,0.03175701573,0.3181391656,0.612149179
Blues,112,0.03137254715,0.3100346029,0.6004613638
Blues,113,0.03137254715,0.3019146621,0.5884044766
Blues,114,0.03137254715,0.2937946916,0.5763475299
Blues,115,0.03137254715,0.2856747508,0.5642906427
Blues,116,0.03137254715,0.2775547802,0.5522337556
Blues,117,0.03137254715,0.2694348395,0.5401768684
Blues,118,0.03137254715,0.2613148689,0.5281199813
Blues,119,0.03137254715,0.2531949282,0.5160630345
Blues,120,0.03137254715,0.2450749725,0.5040061474
Blues,121,0.03137254715,0.2369550169,0.4919492602
Blues,122,0.03137254715,0.2288350612,0.4798923433
Blues,123,0.03137254715,0.2207151055,0.4678354561
Blues,124,0.03137254715,0.2125951499,0.4557785392
Blues,125,0.03137254715,0.2044752091,0.443721652
Blues,126,0.03137254715,0.1963552535,0.4316647351
Blues,127,0.03137254715,0.1882352978,0.4196078479
YlGnBu,0,1,1,0.850980401
YlGnBu,1,0.9955709577,0.9982776046,0.8411380053
YlGnBu,2,0.9911418557,0.9965551496,0.8312956691
YlGnBu,3,0.9867128134,0.9948327541,0.8214532733
YlGnBu,4,0.9822837114,0.9931103587,0.8116109371
YlGnBu,5,0.9778546691,0.9913879037,0.8017685413
YlGnBu,6,0.9734256268,0.9896655083,0.7919262052
YlGnBu,7,0.9689965248,0.9879431129,0.7820838094
YlGnBu,8,0.9645674825,0.9862206578,0.7722414732
YlGnBu,9,0.9601383805,0.9844982624,0.7623990774
YlGnBu,10,0.9557093382,0.982775867,0.7525566816
YlGnBu,11,0.9512802958,0.981053412,0.7427143455
YlGnBu,12,0.9468511939,0.9793310165,0.7328719497
YlGnBu,13,0.9424221516,0.9776086211,0.7230296135
YlGnBu,14,0.9379931092,0.9758862257,0.7131872177
YlGnBu,15,0.9335640073,0.9741637707,0.7033448815
YlGnBu,16,0.9288273454,0.9723183513,0.6941637993
YlGnBu,17,0.9194771051,0.9686274529,0.6949019432
YlGnBu,18,0.9101268649,0.9649365544,0.6956401467
YlGnBu,19,0.9007766247,0.961245656,0.6963782907
YlGnBu,20,0.8914263844,0.9575547576,0.6971164942
YlGnBu,21,0.8820761442,0.9538639188,0.6978546977
YlGnBu,22,0.872725904,0.9501730204,0.6985928416
YlGnBu,23,0.8633756042,0.9464821219,0.6993310452
YlGnBu,24,0.8540253639,0.9427912235,0.7000691891
YlGnBu,25,0.8446751237,0.9391003251,0.7008073926
YlGnBu,26,0.8353248835,0.9354094863,0.7015455365
YlGnBu,27,0.8259746432,0.9317185879,0.70228374
YlGnBu,28,0.816624403,0.9280276895,0.7030219436
YlGnBu,29,0.8072741032,0.924336791,0.7037600875
YlGnBu,30,0.7979238629,0.9206458926,0.704498291
YlGnBu,31,0.7885736227,0.9169549942,0.7052364349
YlGnBu,32,0.778177619,0.9128642678,0.7060976624
YlGnBu,33,0.76046139,0.9059746265,0.7078200579
YlGnBu,34,0.7427451015,0.8990849853,0.7095425129
YlGnBu,35,0.7250288129,0.8921952844,0.7112649083
YlGnBu,36,0.7073125839,0.8853056431,0.7129873037
YlGnBu,37,0.6895962954,0.8784160018,0.7147096992
YlGnBu,38,0.6718800664,0.8715263605,0.7164321542
YlGnBu,39,0.6541637778,0.8646366596,0.7181545496
YlGnBu,40,0.6364475489,0.8577470183,0.719876945
YlGnBu,41,0.6187312603,0.8508573771,0.7215994
YlGnBu,42,0.6010149717,0.8439676762,0.7233217955
YlGnBu,43,0.5832987428,0.8370780349,0.7250441909
YlGnBu,44,0.5655824542,0.8301883936,0.7267666459
YlGnBu,45,0.5478662252,0.8232987523,0.7284890413
YlGnBu,46,0.5301499367,0.8164090514,0.7302114367
YlGnBu,47,0.5124337077,0.8095194101,0.7319338918
YlGnBu,48,0.4951787889,0.8028604388,0.7337485552
YlGnBu,49,0.4799230993,0.797201097,0.7359631062
YlGnBu,50,0.4646674395,0.7915416956,0.7381775975
YlGnBu,51,0.4494117796,0.7858823538,0.7403921485
YlGnBu,52,0.43415609,0.780223012,0.7426066995
YlGnBu,53,0.4189004302,0.7745636106,0.7448212504
YlGnBu,54,0.4036447406,0.7689042687,0.7470357418
YlGnBu,55,0.3883890808,0.7632449269,0.7492502928
YlGnBu,56,0.3731334209,0.7575855255,0.7514648438
YlGnBu,57,0.3578777313,0.7519261837,0.7536793351
YlGnBu,58,0.3426220715,0.7462668419,0.7558938861
YlGnBu,59,0.3273664117,0.7406074405,0.7581084371
YlGnBu,60,0.3121107221,0.7349480987,0.7603229284
YlGnBu,61,0.2968550622,0.7292887568,0.7625374794
YlGnBu,62,0.2815993726,0.7236293554,0.7647520304
YlGnBu,63,0.2663437128,0.7179700136,0.7669665217
YlGnBu,64,0.2482583672,0.7068973184,0.7678892612
YlGnBu,65,0.2394002378,0.6977931857,0.7669050097
YlGnBu,66,0.2305420935,0.6886889935,0.7659208179
YlGnBu,67,0.2216839641,0.6795848012,0.7649365664
YlGnBu,68,0.2128258348,0.6704806089,0.7639523149
YlGnBu,69,0.2039677054,0.6613764167,0.7629680634
YlGnBu,70,0.195109576,0.6522722244,0.7619838715
YlGnBu,71,0.1862514466,0.6431680322,0.76099962
YlGnBu,72,0.1773933172,0.6340638399,0.7600153685
YlGnBu,73,0.1685351729,0.6249596477,0.759031117
YlGnBu,74,0.1596770436,0.6158554554,0.7580469251
YlGnBu,75,0.1508189142,0.6067512631,0.7570626736
YlGnBu,76,0.1419607848,0.5976470709,0.7560784221
YlGnBu,77,0.1331026554,0.5885428786,0.7550941706
YlGnBu,78,0.1242445186,0.5794386864,0.7541099787
YlGnBu,79,0.1153863892,0.5703344941,0.7531257272
YlGnBu,80,0.1147251055,0.5584313869,0.7481430173
YlGnBu,81,0.1159554049,0.5458823442,0.7422376275
YlGnBu,82,0.117185697,0.5333333611,0.7363321781
YlGnBu,83,0.1184159964,0.5207843184,0.7304267883
YlGnBu,84,0.1196462885,0.5082352757,0.7245213389
YlGnBu,85,0.1208765879,0.4956862628,0.7186158895
YlGnBu,86,0.1221068799,0.4831372499,0.7127104998
YlGnBu,87,0.1233371794,0.470588237,0.7068050504
YlGnBu,88,0.1245674714,0.4580392241,0.7008996606
YlGnBu,89,0.1257977635,0.4454901814,0.6949942112
YlGnBu,90,0.1270280629,0.4329411685,0.6890888214
YlGnBu,91,0.1282583624,0.4203921556,0.683183372
YlGnBu,92,0.1294886619,0.4078431427,0.6772779822
YlGnBu,93,0.1307189614,0.3952941298,0.6713725328
YlGnBu,94,0.1319492459,0.3827450871,0.6654671431
YlGnBu,95,0.1331795454,0.3701960742,0.6595616937
YlGnBu,96,0.133979246,0.3595847785,0.6545174718
YlGnBu,97,0.1347174197,0.3492502868,0.6495963335
YlGnBu,98,0.1354555935,0.3389157951,0.6446751356
YlGnBu,99,0.1361937672,0.3285813034,0.6397539377
YlGnBu,100,0.1369319558,0.3182468414,0.6348327398
YlGnBu,101,0.1376701295,0.3079123497,0.6299116015
YlGnBu,102,0.1384083033,0.297577858,0.6249904037
YlGnBu,103,0.139146477,0.2872433662,0.6200692058
YlGnBu,104,0.1398846656,0.2769088745,0.6151480079
YlGnBu,105,0.1406228393,0.2665743828,0.61022681
YlGnBu,106,0.1413610131,0.2562399209,0.6053056717
YlGnBu,107,0.1420991868,0.2459054142,0.6003844738
YlGnBu,108,0.1428373754,0.2355709374,0.5954632759
YlGnBu,109,0.1435755491,0.2252364457,0.590542078
YlGnBu,110,0.1443137228,0.2149019539,0.5856209397
YlGnBu,111,0.1450518966,0.2045674771,0.5806997418
YlGnBu,112,0.1384083033,0.1986159235,0.5665513277
YlGnBu,113,0.1312725842,0.1929565519,0.5517877936
YlGnBu,114,0.1241368726,0.1872971952,0.5370242
YlGnBu,115,0.1170011535,0.1816378385,0.5222606659
YlGnBu,116,0.1098654345,0.1759784669,0.5074971318
YlGnBu,117,0.1027297154,0.1703191102,0.492733568
YlGnBu,118,0.0955940038,0.1646597534,0.4779700041
YlGnBu,119,0.08845828474,0.1590003818,0.46320647
YlGnBu,120,0.08132256567,0.1533410251,0.4484429061
YlGnBu,121,0.07418685406,0.1476816684,0.4336793423
YlGnBu,122,0.067051135,0.1420222968,0.4189158082
YlGnBu,123,0.05991541594,0.1363629401,0.4041522443
YlGnBu,124,0.05277970061,0.1307035834,0.3893887103
YlGnBu,125,0.04564398155,0.1250442117,0.3746251464
YlGnBu,126,0.03850826621,0.119384855,0.3598615825
YlGnBu,127,0.03137254715,0.1137254909,0.3450980484
RdBu_r,0,0.01960784383,0.1882352978,0.380392164
RdBu_r,1,0.02821991593,0.204844296,0.4034602046
RdBu_r,2,0.03683198616,0.2214532942,0.4265282452
RdBu_r,3,0.04544406012,0.2380622774,0.4495963156
RdBu_r,4,0.05405613035,0.2546712756,0.4726643562
RdBu_r,5,0.06266820431,0.2712802887,0.4957323968
RdBu_r,6,0.07128027827,0.287889272,0.5188004375
RdBu_r,7,0.07989235222,0.3044982553,0.5418685079
RdBu_r,8,0.08850441873,0.3211072683,0.5649365783
RdBu_r,9,0.09711649269,0.3377162516,0.5880045891
RdBu_r,10,0.1057285666,0.3543252647,0.6110726595
RdBu_r,11,0.1143406406,0.370934248,0.6341407299
RdBu_r,12,0.1229527071,0.3875432611,0.6572087407
RdBu_r,13,0.1320261508,0.4034602046,0.6762783527
RdBu_r,14,0.1424836665,0.417301029,0.68335253
RdBu_r,15,0.1529411823,0.4311418831,0.6904267669
RdBu_r,16,0.163398698,0.4449827075,0.6975009441
RdBu_r,17,0.1738562137,0.4588235319,0.704575181
RdBu_r,18,0.1843137294,0.4726643562,0.7116493583
RdBu_r,19,0.1947712451,0.4865051806,0.7187235951
RdBu_r,20,0.2052287608,0.500346005,0.7257977724
RdBu_r,21,0.2156862766,0.5141868591,0.7328719497
RdBu_r,22,0.2261437923,0.5280276537,0.7399461865
RdBu_r,23,0.236601308,0.5418685079,0.7470203638
RdBu_r,24,0.2470588237,0.555709362,0.7540946007
RdBu_r,25,0.2575163543,0.5695501566,0.7611687779
RdBu_r,26,0.2748942673,0.5841599107,0.7688581347
RdBu_r,27,0.2991926074,0.5995386243,0.7771626115
RdBu_r,28,0.3234909773,0.6149173379,0.7854671478
RdBu_r,29,0.3477893174,0.6302960515,0.7937716246
RdBu_r,30,0.3720876575,0.6456747651,0.8020761013
RdBu_r,31,0.3963859975,0.6610534191,0.8103806376
RdBu_r,32,0.4206843376,0.6764321327,0.8186851144
RdBu_r,33,0.4449827075,0.6918108463,0.8269895911
RdBu_r,34,0.4692810476,0.7071895599,0.8352941275
RdBu_r,35,0.4935793877,0.7225682139,0.8435986042
RdBu_r,36,0.5178777575,0.7379469275,0.8519031405
RdBu_r,37,0.5421760678,0.7533256412,0.8602076173
RdBu_r,38,0.5664744377,0.7687043548,0.868512094
RdBu_r,39,0.5870819092,0.7799307704,0.8747404814
RdBu_r,40,0.6064590812,0.7897731662,0.8802767992
RdBu_r,41,0.6258361936,0.7996155024,0.8858131766
RdBu_r,42,0.6452133656,0.8094578981,0.8913494945
RdBu_r,43,0.6645905375,0.8193002939,0.8968858123
RdBu_r,44,0.6839677095,0.8291426301,0.9024221301
RdBu_r,45,0.7033448815,0.8389850259,0.9079585075
RdBu_r,46,0.7227220535,0.8488273621,0.9134948254
RdBu_r,47,0.7420991659,0.8586697578,0.9190311432
RdBu_r,48,0.7614763379,0.868512094,0.924567461
RdBu_r,49,0.7808535099,0.8783544898,0.9301037788
RdBu_r,50,0.8002306819,0.888196826,0.9356401563
RdBu_r,51,0.8196078539,0.8980392218,0.9411764741
RdBu_r,52,0.8312956691,0.9035755396,0.9433295131
RdBu_r,53,0.8429834843,0.9091118574,0.9454824924
RdBu_r,54,0.8546712995,0.9146482348,0.9476355314
RdBu_r,55,0.8663591146,0.9201845527,0.9497885704
RdBu_r,56,0.8780469298,0.9257208705,0.9519415498
RdBu_r,57,0.889734745,0.9312571883,0.9540945888
RdBu_r,58,0.9014225006,0.9367935658,0.9562475681
RdBu_r,59,0.9131103158,0.9423298836,0.9584006071
RdBu_r,60,0.924798131,0.9478662014,0.9605536461
RdBu_r,61,0.9364859462,0.9534025192,0.9627066255
RdBu_r,62,0.9481737614,0.9589388967,0.9648596644
RdBu_r,63,0.9598615766,0.9644752145,0.9670127034
RdBu_r,64,0.9700115323,0.9621683955,0.9575547576
RdBu_r,65,0.9718569517,0.9535562992,0.9427912235
RdBu_r,66,0.9737024307,0.9449442625,0.9280276895
RdBu_r,67,0.9755478501,0.9363321662,0.9132641554
RdBu_r,68,0.9773933291,0.9277201295,0.8985005617
RdBu_r,69,0.9792387486,0.9191080332,0.8837370276
RdBu_r,70,0.9810842276,0.9104959369,0.8689734936
RdBu_r,71,0.982929647,0.9018839002,0.8542098999
RdBu_r,72,0.9847750664,0.8932718039,0.8394463658
RdBu_r,73,0.9866205454,0.8846597672,0.8246828318
RdBu_r,74,0.9884659648,0.8760476708,0.8099192381
RdBu_r,75,0.9903114438,0.8674355745,0.795155704
RdBu_r,76,0.9921568632,0.8588235378,0.78039217
RdBu_r,77,0.9893887043,0.8422145247,0.7591695786
RdBu_r,78,0.9866205454,0.8256055117,0.7379469275
RdBu_r,79,0.9838523865,0.8089965582,0.7167243361
RdBu_r,80,0.9810842276,0.7923875451,0.6955017447
RdBu_r,81,0.978316009,0.775778532,0.6742790937
RdBu_r,82,0.9755478501,0.7591695786,0.6530565023
RdBu_r,83,0.9727796912,0.7425605655,0.6318339109
RdBu_r,84,0.9700115323,0.7259515524,0.6106113195
RdBu_r,85,0.9672433734,0.7093425393,0.5893886685
RdBu_r,86,0.9644752145,0.6927335858,0.5681660771
RdBu_r,87,0.9617070556,0.6761245728,0.5469434857
RdBu_r,88,0.9589388967,0.6595155597,0.5257208943
RdBu_r,89,0.9545559287,0.6417531967,0.5057285428
RdBu_r,90,0.9453287125,0.6205305457,0.4894271493
RdBu_r,91,0.9361014962,0.5993079543,0.473125726
RdBu_r,92,0.92687428,0.5780853629,0.4568243027
RdBu_r,93,0.9176470637,0.5568627715,0.4405228794
RdBu_r,94,0.9084198475,0.5356401205,0.4242214561
RdBu_r,95,0.8991926312,0.5144175291,0.4079200327
RdBu_r,96,0.889965415,0.4931949377,0.3916186094
RdBu_r,97,0.8807381988,0.4719723165,0.3753171861
RdBu_r,98,0.8715109825,0.4507497251,0.3590157628
RdBu_r,99,0.8622837663,0.4295271039,0.3427143395
RdBu_r,100,0.8530564904,0.4083045125,0.3264129162
RdBu_r,101,0.8438292742,0.3870818913,0.3101114929
RdBu_r,102,0.833679378,0.3653979301,0.2967320383
RdBu_r,103,0.8226066828,0.3432525992,0.2862745225
RdBu_r,104,0.8115340471,0.3211072683,0.2758170068
RdBu_r,105,0.8004613519,0.2989619374,0.2653594911
RdBu_r,106,0.7893887162,0.2768166065,0.2549019754
RdBu_r,107,0.778316021,0.2546712756,0.2444444448
RdBu_r,108,0.7672433853,0.2325259447,0.2339869291
RdBu_r,109,0.7561706901,0.2103806287,0.2235294133
RdBu_r,110,0.7450980544,0.1882352978,0.2130718976
RdBu_r,111,0.7340253592,0.1660899669,0.2026143819
RdBu_r,112,0.7229527235,0.143944636,0.1921568662
RdBu_r,113,0.7118800282,0.1217993051,0.1816993505
RdBu_r,114,0.7008073926,0.09965398163,0.1712418348
RdBu_r,115,0.6807381511,0.08858131617,0.165859282
RdBu_r,116,0.6576701403,0.08119954169,0.1621683985
RdBu_r,117,0.6346020699,0.07381775975,0.158477515
RdBu_r,118,0.6115339994,0.06643598527,0.1547866166
RdBu_r,119,0.5884659886,0.05905421078,0.151095733
RdBu_r,120,0.5653979182,0.05167243257,0.1474048495
RdBu_r,121,0.5423298478,0.04429065809,0.1437139511
RdBu_r,122,0.519261837,0.03690887988,0.1400230676
RdBu_r,123,0.4961937666,0.02952710539,0.1363321841
RdBu_r,124,0.473125726,0.02214532904,0.1326412857
RdBu_r,125,0.4500576556,0.01476355176,0.1289504021
RdBu_r,126,0.426989615,0.007381775882,0.1252595186
RdBu_r,127,0.4039215744,0,0.1215686277
